{
  "version": "2024.1",
  "applications": [],
  "platforms": [
    {
      "name": "AudioProcessing2"
    },
    {
      "name": "AudioProcessing21"
    }
  ],
  "systems": [
    {
      "name": "Taak1app_system",
      "platform": "C:/Users/PatrickKenis/AudioProccesing/LAB2_Delay/Taak1/AudioProcessing2/export/AudioProcessing2/AudioProcessing2.xpfm",
      "sysConfig": "AudioProcessing2",
      "buildConfig": "Debug",
      "applications": [
        {
          "name": "Taak1app",
          "platform": "C:/Users/PatrickKenis/AudioProccesing/LAB2_Delay/Taak1/AudioProcessing2/export/AudioProcessing2/AudioProcessing2.xpfm",
          "platformPath": "C:\\Users\\PatrickKenis\\AudioProccesing\\LAB2_Delay\\Taak1\\AudioProcessing2\\export\\AudioProcessing2",
          "sysConfig": "AudioProcessing2",
          "domain": "standalone_ps7_cortexa9_0",
          "system": "Taak1app_system"
        }
      ],
      "platformPath": "C:\\Users\\PatrickKenis\\AudioProccesing\\LAB2_Delay\\Taak1\\AudioProcessing2\\export\\AudioProcessing2"
    },
    {
      "name": "fsbl_system",
      "platform": "C:/Users/PatrickKenis/AudioProccesing/LAB2_Delay/Taak1/AudioProcessing21/export/AudioProcessing21/AudioProcessing21.xpfm",
      "sysConfig": "AudioProcessing21",
      "buildConfig": "Debug",
      "applications": [
        {
          "name": "fsbl",
          "platform": "C:/Users/PatrickKenis/AudioProccesing/LAB2_Delay/Taak1/AudioProcessing21/export/AudioProcessing21/AudioProcessing21.xpfm",
          "platformPath": "C:\\Users\\PatrickKenis\\AudioProccesing\\LAB2_Delay\\Taak1\\AudioProcessing21\\export\\AudioProcessing21",
          "sysConfig": "AudioProcessing21",
          "domain": "standalone_ps7_cortexa9_0",
          "system": "fsbl_system"
        }
      ],
      "platformPath": "C:\\Users\\PatrickKenis\\AudioProccesing\\LAB2_Delay\\Taak1\\AudioProcessing21\\export\\AudioProcessing21"
    }
  ],
  "others": []
}